road_id,city_id,dist_id,road_city,road_dist,road_name,road_level,pile_data,pile_id,pile_lat,pile_lon,pile_dir,pile_lane,pile_distance,pile_angle,pile_width,pile_prop
0,2,38,桃園市,八德區,忠誠街,RD,,148611,24.95943093185138,121.2080055008104,1,1,0,98,3,"{""OBJECTID"": 78260, ""\u52d8\u67e5\u8868\u7de8\u865f"": ""\u5e02\u6843\u57123879(\u9f8d\u7965\u6bb50327-0001)"", ""\u9109\u93ae\u5e02\u5340"": ""\u6843\u5712\u5340"", ""\u5730\u6bb5-\u540d"": ""\u9f8d\u7965\u6bb5"", ""\u5730\u865f"": ""0327-0001"", ""\u6574\u7b46\u571f\u5730\u9762\u7a4d(\u33a1)"": 32.83, ""\u5e02(\u570b)\u6709\u6301\u5206"": ""1\u67081\u65e5"", ""\u4f7f\u7528\u5206\u5340(\u90fd\u5e02\u8a08\u756b\u5167)"": ""\u9053\u8def\u7528\u5730"", ""\u7591\u4f3c\u5360\u7528"": ""\u662F"", ""\u6e05\u67e5\u5e74\u5ea6"": 106, ""\u7591\u4f3c\u5360\u7528\u985e\u578b"": 1, ""\u9053\u8def\u7de8\u865f"": ""\u684351\u7dda"", ""\u6751\u91cc"": ""\u9f8d\u5c71\u91cc"", ""\u9053\u8def\u540d\u7a31"": ""\u9f8d\u58fd\u8857"", ""\u6848\u4ef6\u72c0\u614b"": NaN, ""\u5099\u8a3b"": NaN, ""\u9644\u4ef6"": NaN}"
0,2,38,桃園市,八德區,忠誠街,RD,,148612,24.94721817039878,121.2266545216199,1,1,0,98,3,"{""OBJECTID"": 75652, ""\u52d8\u67e5\u8868\u7de8\u865f"": ""\u5e02\u6843\u57123824(\u9f8d\u9cf3\u6bb50940-0007)"", ""\u9109\u93ae\u5e02\u5340"": ""\u6843\u5712\u5340"", ""\u5730\u6bb5-\u540d"": ""\u9f8d\u9cf3\u6bb5"", ""\u5730\u865f"": ""0940-0007"", ""\u6574\u7b46\u571f\u5730\u9762\u7a4d(\u33a1)"": 98.14, ""\u5e02(\u570b)\u6709\u6301\u5206"": ""340/1000"", ""\u4f7f\u7528\u5206\u5340(\u90fd\u5e02\u8a08\u756b\u5167)"": ""\u7da0\u5730\u7528\u5730"", ""\u7591\u4f3c\u5360\u7528"": ""\u662F"", ""\u6e05\u67e5\u5e74\u5ea6"": 106, ""\u7591\u4f3c\u5360\u7528\u985e\u578b"": 1, ""\u9053\u8def\u7de8\u865f"": NaN, ""\u6751\u91cc"": ""\u9f8d\u7965\u91cc"", ""\u9053\u8def\u540d\u7a31"": ""\u7121\u540d\u8def"", ""\u6848\u4ef6\u72c0\u614b"": NaN, ""\u5099\u8a3b"": NaN, ""\u9644\u4ef6"": NaN}"
0,2,38,桃園市,八德區,忠誠街,RD,,148613,24.95938499204341,121.21717014704112,1,1,0,98,3,"{""OBJECTID"": 78377, ""\u52d8\u67e5\u8868\u7de8\u865f"": ""\u5e02\u6843\u57123865(\u9f8d\u7965\u6bb50125-0000)"", ""\u9109\u93ae\u5e02\u5340"": ""\u6843\u5712\u5340"", ""\u5730\u6bb5-\u540d"": ""\u9f8d\u7965\u6bb5"", ""\u5730\u865f"": ""0125-0000"", ""\u6574\u7b46\u571f\u5730\u9762\u7a4d(\u33a1)"": 1106.47, ""\u5e02(\u570b)\u6709\u6301\u5206"": ""6383/20000"", ""\u4f7f\u7528\u5206\u5340(\u90fd\u5e02\u8a08\u756b\u5167)"": ""\u5152\u7ae5\u904a\u6a02\u5834\u7528\u5730"", ""\u7591\u4f3c\u5360\u7528"": ""\u662F"", ""\u6e05\u67e5\u5e74\u5ea6"": 106, ""\u7591\u4f3c\u5360\u7528\u985e\u578b"": 1, ""\u9053\u8def\u7de8\u865f"": "" "", ""\u6751\u91cc"": ""\u9f8d\u58fd\u91cc"", ""\u9053\u8def\u540d\u7a31"": ""\u9f8d\u6cc9\u516d\u8857"", ""\u6848\u4ef6\u72c0\u614b"": NaN, ""\u5099\u8a3b"": NaN, ""\u9644\u4ef6"": NaN}"
0,2,38,桃園市,八德區,忠誠街,RD,,148614,24.943483115501497,121.22415288983709,1,1,0,117,3,"{""OBJECTID"": 78354, ""\u52d8\u67e5\u8868\u7de8\u865f"": ""\u5e02\u6843\u57123907(\u9f8d\u7965\u6bb50933-0003)"", ""\u9109\u93ae\u5e02\u5340"": ""\u6843\u5712\u5340"", ""\u5730\u6bb5-\u540d"": ""\u9f8d\u7965\u6bb5"", ""\u5730\u865f"": ""0933-0003"", ""\u6574\u7b46\u571f\u5730\u9762\u7a4d(\u33a1)"": 1.9, ""\u5e02(\u570b)\u6709\u6301\u5206"": ""1\u67081\u65e5"", ""\u4f7f\u7528\u5206\u5340(\u90fd\u5e02\u8a08\u756b\u5167)"": ""\u9053\u8def\u7528\u5730"", ""\u7591\u4f3c\u5360\u7528"": ""\u662F"", ""\u6e05\u67e5\u5e74\u5ea6"": 106, ""\u7591\u4f3c\u5360\u7528\u985e\u578b"": 1, ""\u9053\u8def\u7de8\u865f"": "" "", ""\u6751\u91cc"": ""\u9f8d\u7965\u91cc"", ""\u9053\u8def\u540d\u7a31"": ""\u9f8d\u7965\u8857"", ""\u6848\u4ef6\u72c0\u614b"": NaN, ""\u5099\u8a3b"": NaN, ""\u9644\u4ef6"": NaN}"
0,2,38,桃園市,八德區,忠誠街,RD,,148615,24.94238425730953,121.2079628948163,1,1,0,117,3,"{""OBJECTID"": 104225, ""\u52d8\u67e5\u8868\u7de8\u865f"": ""\u5e02\u516b\u5fb73050(\u8304\u660e\u6bb50967-0001)"", ""\u9109\u93ae\u5e02\u5340"": ""\u516b\u5fb7\u5340"", ""\u5730\u6bb5-\u540d"": ""\u8304\u660e\u6bb5"", ""\u5730\u865f"": ""0967-0001"", ""\u6574\u7b46\u571f\u5730\u9762\u7a4d(\u33a1)"": 7.73, ""\u5e02(\u570b)\u6709\u6301\u5206"": ""1\u67081\u65e5"", ""\u4f7f\u7528\u5206\u5340(\u90fd\u5e02\u8a08\u756b\u5167)"": ""\u516c\u5712\u7528\u5730"", ""\u7591\u4f3c\u5360\u7528"": ""\u662F"", ""\u6e05\u67e5\u5e74\u5ea6"": 110, ""\u7591\u4f3c\u5360\u7528\u985e\u578b"": 1, ""\u9053\u8def\u7de8\u865f"": NaN, ""\u6751\u91cc"": ""\u8304\u660e\u91cc"", ""\u9053\u8def\u540d\u7a31"": ""\u7121\u540d\u8def"", ""\u6848\u4ef6\u72c0\u614b"": NaN, ""\u5099\u8a3b"": NaN, ""\u9644\u4ef6"": NaN}"
0,2,38,桃園市,八德區,忠誠街,RD,,148616,24.956997989391688,121.2096055095596,1,1,0,117,3,"{""OBJECTID"": 75629, ""\u52d8\u67e5\u8868\u7de8\u865f"": ""\u5e02\u6843\u57124001(\u96d9\u9f8d\u6bb50363-0000)"", ""\u9109\u93ae\u5e02\u5340"": ""\u6843\u5712\u5340"", ""\u5730\u6bb5-\u540d"": ""\u96d9\u9f8d\u6bb5"", ""\u5730\u865f"": ""0363-0000"", ""\u6574\u7b46\u571f\u5730\u9762\u7a4d(\u33a1)"": 10.66, ""\u5e02(\u570b)\u6709\u6301\u5206"": ""1\u67081\u65e5"", ""\u4f7f\u7528\u5206\u5340(\u90fd\u5e02\u8a08\u756b\u5167)"": ""\u9053\u8def\u7528\u5730"", ""\u7591\u4f3c\u5360\u7528"": ""\u662F"", ""\u6e05\u67e5\u5e74\u5ea6"": 106, ""\u7591\u4f3c\u5360\u7528\u985e\u578b"": 1, ""\u9053\u8def\u7de8\u865f"": NaN, ""\u6751\u91cc"": ""\u9f8d\u5c71\u91cc"", ""\u9053\u8def\u540d\u7a31"": ""\u9f8d\u58fd\u885781\u5df7"", ""\u6848\u4ef6\u72c0\u614b"": NaN, ""\u5099\u8a3b"": NaN, ""\u9644\u4ef6"": NaN}"
0,2,38,桃園市,八德區,大忠街,RD,,149071,24.959406026768,121.22618482062974,1,1,0,188,3,"{""OBJECTID"": 78360, ""\u52d8\u67e5\u8868\u7de8\u865f"": ""\u5e02\u6843\u57123890(\u9f8d\u7965\u6bb50608-0000)"", ""\u9109\u93ae\u5e02\u5340"": ""\u6843\u5712\u5340"", ""\u5730\u6bb5-\u540d"": ""\u9f8d\u7965\u6bb5"", ""\u5730\u865f"": ""0608-0000"", ""\u6574\u7b46\u571f\u5730\u9762\u7a4d(\u33a1)"": 700.2, ""\u5e02(\u570b)\u6709\u6301\u5206"": ""325/1000"", ""\u4f7f\u7528\u5206\u5340(\u90fd\u5e02\u8a08\u756b\u5167)"": ""\u9053\u8def\u7528\u5730"", ""\u7591\u4f3c\u5360\u7528"": ""\u662F"", ""\u6e05\u67e5\u5e74\u5ea6"": 106, ""\u7591\u4f3c\u5360\u7528\u985e\u578b"": 1, ""\u9053\u8def\u7de8\u865f"": "" "", ""\u6751\u91cc"": ""\u9f8d\u58fd\u91cc"", ""\u9053\u8def\u540d\u7a31"": ""\u9f8d\u6cc9\u4e8c\u8857"", ""\u6848\u4ef6\u72c0\u614b"": NaN, ""\u5099\u8a3b"": NaN, ""\u9644\u4ef6"": NaN}"
0,2,38,桃園市,八德區,大忠街,RD,,149072,24.950503627159677,121.2201319018166,1,1,0,188,3,"{""OBJECTID"": 78314, ""\u52d8\u67e5\u8868\u7de8\u865f"": ""\u5e02\u6843\u57124003(\u96d9\u9f8d\u6bb50366-0000)"", ""\u9109\u93ae\u5e02\u5340"": ""\u6843\u5712\u5340"", ""\u5730\u6bb5-\u540d"": ""\u96d9\u9f8d\u6bb5"", ""\u5730\u865f"": ""0366-0000"", ""\u6574\u7b46\u571f\u5730\u9762\u7a4d(\u33a1)"": 835.02, ""\u5e02(\u570b)\u6709\u6301\u5206"": ""443/1728"", ""\u4f7f\u7528\u5206\u5340(\u90fd\u5e02\u8a08\u756b\u5167)"": ""\u9053\u8def\u7528\u5730"", ""\u7591\u4f3c\u5360\u7528"": ""\u662F"", ""\u6e05\u67e5\u5e74\u5ea6"": 106, ""\u7591\u4f3c\u5360\u7528\u985e\u578b"": 1, ""\u9053\u8def\u7de8\u865f"": ""\u684351\u7dda"", ""\u6751\u91cc"": ""\u9f8d\u5c71\u91cc"", ""\u9053\u8def\u540d\u7a31"": ""\u9f8d\u58fd\u8857"", ""\u6848\u4ef6\u72c0\u614b"": NaN, ""\u5099\u8a3b"": NaN, ""\u9644\u4ef6"": NaN}"
0,2,38,桃園市,八德區,大忠街,RD,,149073,24.960741160957458,121.20230658170456,1,1,0,188,3,"{""OBJECTID"": 75658, ""\u52d8\u67e5\u8868\u7de8\u865f"": ""\u5e02\u6843\u57123810(\u9f8d\u9cf3\u6bb50922-0007)"", ""\u9109\u93ae\u5e02\u5340"": ""\u6843\u5712\u5340"", ""\u5730\u6bb5-\u540d"": ""\u9f8d\u9cf3\u6bb5"", ""\u5730\u865f"": ""0922-0007"", ""\u6574\u7b46\u571f\u5730\u9762\u7a4d(\u33a1)"": 335.74, ""\u5e02(\u570b)\u6709\u6301\u5206"": ""375/1000"", ""\u4f7f\u7528\u5206\u5340(\u90fd\u5e02\u8a08\u756b\u5167)"": ""\u9053\u8def\u7528\u5730"", ""\u7591\u4f3c\u5360\u7528"": ""\u662F"", ""\u6e05\u67e5\u5e74\u5ea6"": 106, ""\u7591\u4f3c\u5360\u7528\u985e\u578b"": 1, ""\u9053\u8def\u7de8\u865f"": NaN, ""\u6751\u91cc"": ""\u9f8d\u7965\u91cc"", ""\u9053\u8def\u540d\u7a31"": ""\u570b\u5f37\u4e8c\u8857277\u5df7"", ""\u6848\u4ef6\u72c0\u614b"": NaN, ""\u5099\u8a3b"": NaN, ""\u9644\u4ef6"": NaN}"
0,2,38,桃園市,八德區,大忠街,RD,,149074,24.9553575761352,121.22225962324936,1,1,0,188,3,"{""OBJECTID"": 69870, ""\u52d8\u67e5\u8868\u7de8\u865f"": ""\u5e02\u516b\u5fb7300(\u9ad8\u660e\u6bb50136-0010)"", ""\u9109\u93ae\u5e02\u5340"": ""\u516b\u5fb7\u5340"", ""\u5730\u6bb5-\u540d"": ""\u9ad8\u660e\u6bb5"", ""\u5730\u865f"": ""0136-0010"", ""\u6574\u7b46\u571f\u5730\u9762\u7a4d(\u33a1)"": 204.75, ""\u5e02(\u570b)\u6709\u6301\u5206"": ""1\u67081\u65e5"", ""\u4f7f\u7528\u5206\u5340(\u90fd\u5e02\u8a08\u756b\u5167)"": ""\u9053\u8def\u7528\u5730"", ""\u7591\u4f3c\u5360\u7528"": ""\u662F"", ""\u6e05\u67e5\u5e74\u5ea6"": 105, ""\u7591\u4f3c\u5360\u7528\u985e\u578b"": 1, ""\u9053\u8def\u7de8\u865f"": "" "", ""\u6751\u91cc"": ""\u9ad8\u57ce\u91cc"", ""\u9053\u8def\u540d\u7a31"": ""\u9ad8\u57ce\u516d\u8857"", ""\u6848\u4ef6\u72c0\u614b"": NaN, ""\u5099\u8a3b"": NaN, ""\u9644\u4ef6"": NaN}"
0,2,38,桃園市,八德區,大忠街,RD,,149075,24.94677220590758,121.21132961121332,1,1,0,188,3,"{""OBJECTID"": 107142, ""\u52d8\u67e5\u8868\u7de8\u865f"": ""\u5e02\u6843\u57124202(\u9f8d\u7965\u6bb50391-0000)"", ""\u9109\u93ae\u5e02\u5340"": ""\u6843\u5712\u5340"", ""\u5730\u6bb5-\u540d"": ""\u9f8d\u7965\u6bb5"", ""\u5730\u865f"": ""0391-0000"", ""\u6574\u7b46\u571f\u5730\u9762\u7a4d(\u33a1)"": 30.41, ""\u5e02(\u570b)\u6709\u6301\u5206"": ""1\u67081\u65e5"", ""\u4f7f\u7528\u5206\u5340(\u90fd\u5e02\u8a08\u756b\u5167)"": ""\u9053\u8def\u7528\u5730"", ""\u7591\u4f3c\u5360\u7528"": ""\u662F"", ""\u6e05\u67e5\u5e74\u5ea6"": 110, ""\u7591\u4f3c\u5360\u7528\u985e\u578b"": 1, ""\u9053\u8def\u7de8\u865f"": ""\u684351\u7dda"", ""\u6751\u91cc"": ""\u9f8d\u5c71\u91cc"", ""\u9053\u8def\u540d\u7a31"": ""\u9f8d\u58fd\u8857"", ""\u6848\u4ef6\u72c0\u614b"": NaN, ""\u5099\u8a3b"": NaN, ""\u9644\u4ef6"": NaN}"
0,2,38,桃園市,八德區,大忠街,RD,,149076,24.95392621399688,121.21161740146854,1,1,0,188,3,"{""OBJECTID"": 69864, ""\u52d8\u67e5\u8868\u7de8\u865f"": ""\u5e02\u516b\u5fb7278(\u9ad8\u57ce\u6bb50937-0001)"", ""\u9109\u93ae\u5e02\u5340"": ""\u516b\u5fb7\u5340"", ""\u5730\u6bb5-\u540d"": ""\u9ad8\u57ce\u6bb5"", ""\u5730\u865f"": ""0937-0001"", ""\u6574\u7b46\u571f\u5730\u9762\u7a4d(\u33a1)"": 9.2, ""\u5e02(\u570b)\u6709\u6301\u5206"": ""2\u67083\u65e5"", ""\u4f7f\u7528\u5206\u5340(\u90fd\u5e02\u8a08\u756b\u5167)"": ""\u9053\u8def\u7528\u5730"", ""\u7591\u4f3c\u5360\u7528"": ""\u662F"", ""\u6e05\u67e5\u5e74\u5ea6"": 105, ""\u7591\u4f3c\u5360\u7528\u985e\u578b"": 1, ""\u9053\u8def\u7de8\u865f"": "" "", ""\u6751\u91cc"": ""\u9ad8\u57ce\u91cc"", ""\u9053\u8def\u540d\u7a31"": ""\u9ad8\u57ce\u516d\u8857"", ""\u6848\u4ef6\u72c0\u614b"": NaN, ""\u5099\u8a3b"": NaN, ""\u9644\u4ef6"": NaN}"
0,2,38,桃園市,八德區,大忠街,RD,,149077,24.956050616500768,121.21725024850032,1,1,0,188,3,"{""OBJECTID"": 78323, ""\u52d8\u67e5\u8868\u7de8\u865f"": ""\u5e02\u6843\u57124016(\u96d9\u9f8d\u6bb50526-0000)"", ""\u9109\u93ae\u5e02\u5340"": ""\u6843\u5712\u5340"", ""\u5730\u6bb5-\u540d"": ""\u96d9\u9f8d\u6bb5"", ""\u5730\u865f"": ""0526-0000"", ""\u6574\u7b46\u571f\u5730\u9762\u7a4d(\u33a1)"": 591.04, ""\u5e02(\u570b)\u6709\u6301\u5206"": ""443/1728"", ""\u4f7f\u7528\u5206\u5340(\u90fd\u5e02\u8a08\u756b\u5167)"": ""\u9053\u8def\u7528\u5730"", ""\u7591\u4f3c\u5360\u7528"": ""\u662F"", ""\u6e05\u67e5\u5e74\u5ea6"": 106, ""\u7591\u4f3c\u5360\u7528\u985e\u578b"": 1, ""\u9053\u8def\u7de8\u865f"": ""\u684351\u7dda"", ""\u6751\u91cc"": ""\u9f8d\u5c71\u91cc"", ""\u9053\u8def\u540d\u7a31"": ""\u9f8d\u58fd\u8857"", ""\u6848\u4ef6\u72c0\u614b"": NaN, ""\u5099\u8a3b"": NaN, ""\u9644\u4ef6"": NaN}"
0,2,38,桃園市,八德區,大忠街,RD,,149078,24.942757903505083,121.20942976307455,1,1,0,188,3,"{""OBJECTID"": 78248, ""\u52d8\u67e5\u8868\u7de8\u865f"": ""\u5e02\u6843\u57123876(\u9f8d\u7965\u6bb50293-0000)"", ""\u9109\u93ae\u5e02\u5340"": ""\u6843\u5712\u5340"", ""\u5730\u6bb5-\u540d"": ""\u9f8d\u7965\u6bb5"", ""\u5730\u865f"": ""0293-0000"", ""\u6574\u7b46\u571f\u5730\u9762\u7a4d(\u33a1)"": 51.15, ""\u5e02(\u570b)\u6709\u6301\u5206"": ""4\u670818\u65e5"", ""\u4f7f\u7528\u5206\u5340(\u90fd\u5e02\u8a08\u756b\u5167)"": ""\u9053\u8def\u7528\u5730"", ""\u7591\u4f3c\u5360\u7528"": ""\u662F"", ""\u6e05\u67e5\u5e74\u5ea6"": 106, ""\u7591\u4f3c\u5360\u7528\u985e\u578b"": 1, ""\u9053\u8def\u7de8\u865f"": "" "", ""\u6751\u91cc"": ""\u9f8d\u5c71\u91cc"", ""\u9053\u8def\u540d\u7a31"": ""\u9f8d\u6cc9\u4e94\u8857"", ""\u6848\u4ef6\u72c0\u614b"": NaN, ""\u5099\u8a3b"": NaN, ""\u9644\u4ef6"": NaN}"
0,2,38,桃園市,八德區,大忠街,RD,,149079,24.94252523178401,121.2032080228841,1,1,0,188,3,"{""OBJECTID"": 78366, ""\u52d8\u67e5\u8868\u7de8\u865f"": ""\u5e02\u6843\u57123863(\u9f8d\u7965\u6bb50123-0000)"", ""\u9109\u93ae\u5e02\u5340"": ""\u6843\u5712\u5340"", ""\u5730\u6bb5-\u540d"": ""\u9f8d\u7965\u6bb5"", ""\u5730\u865f"": ""0123-0000"", ""\u6574\u7b46\u571f\u5730\u9762\u7a4d(\u33a1)"": 241.77, ""\u5e02(\u570b)\u6709\u6301\u5206"": ""43/135"", ""\u4f7f\u7528\u5206\u5340(\u90fd\u5e02\u8a08\u756b\u5167)"": ""\u5152\u7ae5\u904a\u6a02\u5834\u7528\u5730"", ""\u7591\u4f3c\u5360\u7528"": ""\u662F"", ""\u6e05\u67e5\u5e74\u5ea6"": 106, ""\u7591\u4f3c\u5360\u7528\u985e\u578b"": 1, ""\u9053\u8def\u7de8\u865f"": "" "", ""\u6751\u91cc"": ""\u9f8d\u58fd\u91cc"", ""\u9053\u8def\u540d\u7a31"": ""\u9f8d\u57ce\u516d\u8857"", ""\u6848\u4ef6\u72c0\u614b"": NaN, ""\u5099\u8a3b"": NaN, ""\u9644\u4ef6"": NaN}"
0,2,38,桃園市,八德區,大忠街,RD,,149080,24.95892956791453,121.20512407570637,1,1,0,188,3,"{""OBJECTID"": 78317, ""\u52d8\u67e5\u8868\u7de8\u865f"": ""\u5e02\u6843\u57124006(\u96d9\u9f8d\u6bb50369-0000)"", ""\u9109\u93ae\u5e02\u5340"": ""\u6843\u5712\u5340"", ""\u5730\u6bb5-\u540d"": ""\u96d9\u9f8d\u6bb5"", ""\u5730\u865f"": ""0369-0000"", ""\u6574\u7b46\u571f\u5730\u9762\u7a4d(\u33a1)"": 180.36, ""\u5e02(\u570b)\u6709\u6301\u5206"": ""1\u67081\u65e5"", ""\u4f7f\u7528\u5206\u5340(\u90fd\u5e02\u8a08\u756b\u5167)"": ""\u9053\u8def\u7528\u5730"", ""\u7591\u4f3c\u5360\u7528"": ""\u662F"", ""\u6e05\u67e5\u5e74\u5ea6"": 106, ""\u7591\u4f3c\u5360\u7528\u985e\u578b"": 1, ""\u9053\u8def\u7de8\u865f"": ""\u684351\u7dda"", ""\u6751\u91cc"": ""\u9f8d\u5c71\u91cc"", ""\u9053\u8def\u540d\u7a31"": ""\u9f8d\u58fd\u8857"", ""\u6848\u4ef6\u72c0\u614b"": NaN, ""\u5099\u8a3b"": NaN, ""\u9644\u4ef6"": NaN}"
0,2,38,桃園市,八德區,大忠街,RD,,149081,24.946949332794837,121.2086477871728,1,1,0,188,3,"{""OBJECTID"": 75661, ""\u52d8\u67e5\u8868\u7de8\u865f"": ""\u5e02\u6843\u57123805(\u9f8d\u9cf3\u6bb50912-0000)"", ""\u9109\u93ae\u5e02\u5340"": ""\u6843\u5712\u5340"", ""\u5730\u6bb5-\u540d"": ""\u9f8d\u9cf3\u6bb5"", ""\u5730\u865f"": ""0912-0000"", ""\u6574\u7b46\u571f\u5730\u9762\u7a4d(\u33a1)"": 143.7, ""\u5e02(\u570b)\u6709\u6301\u5206"": ""375/1000"", ""\u4f7f\u7528\u5206\u5340(\u90fd\u5e02\u8a08\u756b\u5167)"": ""\u9053\u8def\u7528\u5730"", ""\u7591\u4f3c\u5360\u7528"": ""\u662F"", ""\u6e05\u67e5\u5e74\u5ea6"": 106, ""\u7591\u4f3c\u5360\u7528\u985e\u578b"": 1, ""\u9053\u8def\u7de8\u865f"": NaN, ""\u6751\u91cc"": ""\u9f8d\u7965\u91cc"", ""\u9053\u8def\u540d\u7a31"": ""\u570b\u5f37\u4e8c\u8857299\u5df7"", ""\u6848\u4ef6\u72c0\u614b"": NaN, ""\u5099\u8a3b"": NaN, ""\u9644\u4ef6"": NaN}"
0,2,38,桃園市,八德區,大忠街,RD,,149082,24.950031719848607,121.22249149185596,1,1,0,188,3,"{""OBJECTID"": 78340, ""\u52d8\u67e5\u8868\u7de8\u865f"": ""\u5e02\u6843\u57123832(\u9f8d\u9cf3\u6bb50992-0002)"", ""\u9109\u93ae\u5e02\u5340"": ""\u6843\u5712\u5340"", ""\u5730\u6bb5-\u540d"": ""\u9f8d\u9cf3\u6bb5"", ""\u5730\u865f"": ""0992-0002"", ""\u6574\u7b46\u571f\u5730\u9762\u7a4d(\u33a1)"": 57.41, ""\u5e02(\u570b)\u6709\u6301\u5206"": ""1611/200000"", ""\u4f7f\u7528\u5206\u5340(\u90fd\u5e02\u8a08\u756b\u5167)"": ""\u9053\u8def\u7528\u5730"", ""\u7591\u4f3c\u5360\u7528"": ""\u662F"", ""\u6e05\u67e5\u5e74\u5ea6"": 106, ""\u7591\u4f3c\u5360\u7528\u985e\u578b"": 1, ""\u9053\u8def\u7de8\u865f"": "" "", ""\u6751\u91cc"": ""\u9f8d\u7965\u91cc"", ""\u9053\u8def\u540d\u7a31"": ""\u570b\u5f37\u4e8c\u8857"", ""\u6848\u4ef6\u72c0\u614b"": NaN, ""\u5099\u8a3b"": NaN, ""\u9644\u4ef6"": NaN}"
0,2,38,桃園市,八德區,大忠街,RD,,149083,24.945039001494298,121.22294676700766,1,1,0,97,3,"{""OBJECTID"": 69804, ""\u52d8\u67e5\u8868\u7de8\u865f"": ""\u5e02\u516b\u5fb7259(\u9ad8\u57ce\u6bb50350-0001)"", ""\u9109\u93ae\u5e02\u5340"": ""\u516b\u5fb7\u5340"", ""\u5730\u6bb5-\u540d"": ""\u9ad8\u57ce\u6bb5"", ""\u5730\u865f"": ""0350-0001"", ""\u6574\u7b46\u571f\u5730\u9762\u7a4d(\u33a1)"": 4.5, ""\u5e02(\u570b)\u6709\u6301\u5206"": ""11/75"", ""\u4f7f\u7528\u5206\u5340(\u90fd\u5e02\u8a08\u756b\u5167)"": ""\u9053\u8def\u7528\u5730"", ""\u7591\u4f3c\u5360\u7528"": ""\u662F"", ""\u6e05\u67e5\u5e74\u5ea6"": 105, ""\u7591\u4f3c\u5360\u7528\u985e\u578b"": 1, ""\u9053\u8def\u7de8\u865f"": "" "", ""\u6751\u91cc"": ""\u8304\u660e\u91cc"", ""\u9053\u8def\u540d\u7a31"": ""\u9ad8\u57ce\u8def"", ""\u6848\u4ef6\u72c0\u614b"": NaN, ""\u5099\u8a3b"": NaN, ""\u9644\u4ef6"": NaN}"
0,2,38,桃園市,八德區,大忠街,RD,,149084,24.95080677458864,121.2142113458608,1,1,0,97,3,"{""OBJECTID"": 68645, ""\u52d8\u67e5\u8868\u7de8\u865f"": ""\u5e02\u516b\u5fb7270(\u9ad8\u57ce\u6bb50609-0000)"", ""\u9109\u93ae\u5e02\u5340"": ""\u516b\u5fb7\u5340"", ""\u5730\u6bb5-\u540d"": ""\u9ad8\u57ce\u6bb5"", ""\u5730\u865f"": ""0609-0000"", ""\u6574\u7b46\u571f\u5730\u9762\u7a4d(\u33a1)"": 5258.19, ""\u5e02(\u570b)\u6709\u6301\u5206"": ""64204/960000"", ""\u4f7f\u7528\u5206\u5340(\u90fd\u5e02\u8a08\u756b\u5167)"": ""\u9053\u8def\u7528\u5730"", ""\u7591\u4f3c\u5360\u7528"": ""\u662F"", ""\u6e05\u67e5\u5e74\u5ea6"": 105, ""\u7591\u4f3c\u5360\u7528\u985e\u578b"": 1, ""\u9053\u8def\u7de8\u865f"": NaN, ""\u6751\u91cc"": ""\u9ad8\u57ce\u91cc"", ""\u9053\u8def\u540d\u7a31"": ""\u9ad8\u57ce\u4e8c\u885733\u5df7"", ""\u6848\u4ef6\u72c0\u614b"": NaN, ""\u5099\u8a3b"": NaN, ""\u9644\u4ef6"": NaN}"
0,2,38,桃園市,八德區,大忠街,RD,,149085,24.943352723142453,121.2234013290874,1,1,0,99,3,"{""OBJECTID"": 107156, ""\u52d8\u67e5\u8868\u7de8\u865f"": ""\u5e02\u6843\u57124206(\u9f8d\u7965\u6bb50646-0000)"", ""\u9109\u93ae\u5e02\u5340"": ""\u6843\u5712\u5340"", ""\u5730\u6bb5-\u540d"": ""\u9f8d\u7965\u6bb5"", ""\u5730\u865f"": ""0646-0000"", ""\u6574\u7b46\u571f\u5730\u9762\u7a4d(\u33a1)"": 1781.32, ""\u5e02(\u570b)\u6709\u6301\u5206"": ""1\u67081\u65e5"", ""\u4f7f\u7528\u5206\u5340(\u90fd\u5e02\u8a08\u756b\u5167)"": ""\u5152\u7ae5\u904a\u6a02\u5834\u7528\u5730"", ""\u7591\u4f3c\u5360\u7528"": ""\u662F"", ""\u6e05\u67e5\u5e74\u5ea6"": 110, ""\u7591\u4f3c\u5360\u7528\u985e\u578b"": 1, ""\u9053\u8def\u7de8\u865f"": "" "", ""\u6751\u91cc"": ""\u9f8d\u7965\u91cc"", ""\u9053\u8def\u540d\u7a31"": ""\u5927\u6176\u8857"", ""\u6848\u4ef6\u72c0\u614b"": NaN, ""\u5099\u8a3b"": NaN, ""\u9644\u4ef6"": NaN}"
0,2,38,桃園市,八德區,大忠街,RD,,149086,24.94852662749064,121.21457845004296,1,1,0,99,3,"{""OBJECTID"": 69876, ""\u52d8\u67e5\u8868\u7de8\u865f"": ""\u5e02\u516b\u5fb7308(\u9ad8\u660e\u6bb50146-0010)"", ""\u9109\u93ae\u5e02\u5340"": ""\u516b\u5fb7\u5340"", ""\u5730\u6bb5-\u540d"": ""\u9ad8\u660e\u6bb5"", ""\u5730\u865f"": ""0146-0010"", ""\u6574\u7b46\u571f\u5730\u9762\u7a4d(\u33a1)"": 1.13, ""\u5e02(\u570b)\u6709\u6301\u5206"": ""1\u67081\u65e5"", ""\u4f7f\u7528\u5206\u5340(\u90fd\u5e02\u8a08\u756b\u5167)"": ""\u9053\u8def\u7528\u5730"", ""\u7591\u4f3c\u5360\u7528"": ""\u662F"", ""\u6e05\u67e5\u5e74\u5ea6"": 105, ""\u7591\u4f3c\u5360\u7528\u985e\u578b"": 1, ""\u9053\u8def\u7de8\u865f"": "" "", ""\u6751\u91cc"": ""\u9ad8\u57ce\u91cc"", ""\u9053\u8def\u540d\u7a31"": ""\u9ad8\u57ce\u516d\u8857"", ""\u6848\u4ef6\u72c0\u614b"": NaN, ""\u5099\u8a3b"": NaN, ""\u9644\u4ef6"": NaN}"
0,2,38,桃園市,八德區,大忠街,RD,,149087,24.949508404362263,121.21300063439035,1,1,0,20,3,"{""OBJECTID"": 78254, ""\u52d8\u67e5\u8868\u7de8\u865f"": ""\u5e02\u6843\u57123870(\u9f8d\u7965\u6bb50201-0000)"", ""\u9109\u93ae\u5e02\u5340"": ""\u6843\u5712\u5340"", ""\u5730\u6bb5-\u540d"": ""\u9f8d\u7965\u6bb5"", ""\u5730\u865f"": ""0201-0000"", ""\u6574\u7b46\u571f\u5730\u9762\u7a4d(\u33a1)"": 41.63, ""\u5e02(\u570b)\u6709\u6301\u5206"": ""1\u67081\u65e5"", ""\u4f7f\u7528\u5206\u5340(\u90fd\u5e02\u8a08\u756b\u5167)"": ""\u9053\u8def\u7528\u5730"", ""\u7591\u4f3c\u5360\u7528"": ""\u662F"", ""\u6e05\u67e5\u5e74\u5ea6"": 106, ""\u7591\u4f3c\u5360\u7528\u985e\u578b"": 1, ""\u9053\u8def\u7de8\u865f"": ""\u684351\u7dda"", ""\u6751\u91cc"": ""\u9f8d\u5c71\u91cc"", ""\u9053\u8def\u540d\u7a31"": ""\u9f8d\u58fd\u8857"", ""\u6848\u4ef6\u72c0\u614b"": NaN, ""\u5099\u8a3b"": NaN, ""\u9644\u4ef6"": NaN}"
0,2,38,桃園市,八德區,大忠街,RD,,149088,24.94613781847944,121.20485217240244,1,1,0,20,3,"{""OBJECTID"": 69884, ""\u52d8\u67e5\u8868\u7de8\u865f"": ""\u5e02\u516b\u5fb7268(\u9ad8\u57ce\u6bb50575-0000)"", ""\u9109\u93ae\u5e02\u5340"": ""\u516b\u5fb7\u5340"", ""\u5730\u6bb5-\u540d"": ""\u9ad8\u57ce\u6bb5"", ""\u5730\u865f"": ""0575-0000"", ""\u6574\u7b46\u571f\u5730\u9762\u7a4d(\u33a1)"": 3.94, ""\u5e02(\u570b)\u6709\u6301\u5206"": ""1\u67083\u65e5"", ""\u4f7f\u7528\u5206\u5340(\u90fd\u5e02\u8a08\u756b\u5167)"": ""\u9053\u8def\u7528\u5730"", ""\u7591\u4f3c\u5360\u7528"": ""\u662F"", ""\u6e05\u67e5\u5e74\u5ea6"": 105, ""\u7591\u4f3c\u5360\u7528\u985e\u578b"": 1, ""\u9053\u8def\u7de8\u865f"": "" "", ""\u6751\u91cc"": ""\u9ad8\u57ce\u91cc"", ""\u9053\u8def\u540d\u7a31"": ""\u9ad8\u57ce\u4e00\u8857"", ""\u6848\u4ef6\u72c0\u614b"": NaN, ""\u5099\u8a3b"": NaN, ""\u9644\u4ef6"": NaN}"
0,2,38,桃園市,八德區,大忠街,RD,,149089,24.94448712278828,121.21203744824768,1,1,0,20,3,"{""OBJECTID"": 78303, ""\u52d8\u67e5\u8868\u7de8\u865f"": ""\u5e02\u6843\u57123986(\u9f8d\u58fd\u6bb50818-0001)"", ""\u9109\u93ae\u5e02\u5340"": ""\u6843\u5712\u5340"", ""\u5730\u6bb5-\u540d"": ""\u9f8d\u58fd\u6bb5"", ""\u5730\u865f"": ""0818-0001"", ""\u6574\u7b46\u571f\u5730\u9762\u7a4d(\u33a1)"": 20.76, ""\u5e02(\u570b)\u6709\u6301\u5206"": ""1\u67081\u65e5"", ""\u4f7f\u7528\u5206\u5340(\u90fd\u5e02\u8a08\u756b\u5167)"": ""\u9053\u8def\u7528\u5730"", ""\u7591\u4f3c\u5360\u7528"": ""\u662F"", ""\u6e05\u67e5\u5e74\u5ea6"": 106, ""\u7591\u4f3c\u5360\u7528\u985e\u578b"": 1, ""\u9053\u8def\u7de8\u865f"": ""\u684351\u7dda"", ""\u6751\u91cc"": ""\u9f8d\u5c71\u91cc"", ""\u9053\u8def\u540d\u7a31"": ""\u9f8d\u58fd\u8857"", ""\u6848\u4ef6\u72c0\u614b"": NaN, ""\u5099\u8a3b"": NaN, ""\u9644\u4ef6"": NaN}"
0,2,38,桃園市,八德區,大忠街,RD,,149090,24.947353965256028,121.22356167605967,1,1,0,20,3,"{""OBJECTID"": 107162, ""\u52d8\u67e5\u8868\u7de8\u865f"": ""\u5e02\u6843\u57124173(\u9f8d\u9cf3\u6bb51295-0000)"", ""\u9109\u93ae\u5e02\u5340"": ""\u6843\u5712\u5340"", ""\u5730\u6bb5-\u540d"": ""\u9f8d\u9cf3\u6bb5"", ""\u5730\u865f"": ""1295-0000"", ""\u6574\u7b46\u571f\u5730\u9762\u7a4d(\u33a1)"": 1.04, ""\u5e02(\u570b)\u6709\u6301\u5206"": ""1\u67081\u65e5"", ""\u4f7f\u7528\u5206\u5340(\u90fd\u5e02\u8a08\u756b\u5167)"": ""\u9053\u8def\u7528\u5730"", ""\u7591\u4f3c\u5360\u7528"": ""\u662F"", ""\u6e05\u67e5\u5e74\u5ea6"": 110, ""\u7591\u4f3c\u5360\u7528\u985e\u578b"": 1, ""\u9053\u8def\u7de8\u865f"": "" "", ""\u6751\u91cc"": ""\u9f8d\u7965\u91cc"", ""\u9053\u8def\u540d\u7a31"": ""\u9f8d\u7965\u8857"", ""\u6848\u4ef6\u72c0\u614b"": NaN, ""\u5099\u8a3b"": NaN, ""\u9644\u4ef6"": NaN}"
0,2,38,桃園市,八德區,大忠街,RD,,149091,24.94158189695368,121.20359258040467,1,1,0,20,3,"{""OBJECTID"": 78346, ""\u52d8\u67e5\u8868\u7de8\u865f"": ""\u5e02\u6843\u57123834(\u9f8d\u9cf3\u6bb50993-0001)"", ""\u9109\u93ae\u5e02\u5340"": ""\u6843\u5712\u5340"", ""\u5730\u6bb5-\u540d"": ""\u9f8d\u9cf3\u6bb5"", ""\u5730\u865f"": ""0993-0001"", ""\u6574\u7b46\u571f\u5730\u9762\u7a4d(\u33a1)"": 113.01, ""\u5e02(\u570b)\u6709\u6301\u5206"": ""1\u67084\u65e5"", ""\u4f7f\u7528\u5206\u5340(\u90fd\u5e02\u8a08\u756b\u5167)"": ""\u9053\u8def\u7528\u5730"", ""\u7591\u4f3c\u5360\u7528"": ""\u662F"", ""\u6e05\u67e5\u5e74\u5ea6"": 106, ""\u7591\u4f3c\u5360\u7528\u985e\u578b"": 1, ""\u9053\u8def\u7de8\u865f"": "" "", ""\u6751\u91cc"": ""\u9f8d\u7965\u91cc"", ""\u9053\u8def\u540d\u7a31"": ""\u570b\u5f37\u4e8c\u8857"", ""\u6848\u4ef6\u72c0\u614b"": NaN, ""\u5099\u8a3b"": NaN, ""\u9644\u4ef6"": NaN}"
0,2,38,桃園市,八德區,大忠街,RD,,149092,24.959892070362475,121.20979897753554,1,1,0,20,3,"{""OBJECTID"": 78297, ""\u52d8\u67e5\u8868\u7de8\u865f"": ""\u5e02\u6843\u57123979(\u9f8d\u58fd\u6bb50577-0000)"", ""\u9109\u93ae\u5e02\u5340"": ""\u6843\u5712\u5340"", ""\u5730\u6bb5-\u540d"": ""\u9f8d\u58fd\u6bb5"", ""\u5730\u865f"": ""0577-0000"", ""\u6574\u7b46\u571f\u5730\u9762\u7a4d(\u33a1)"": 1021.67, ""\u5e02(\u570b)\u6709\u6301\u5206"": ""160/256"", ""\u4f7f\u7528\u5206\u5340(\u90fd\u5e02\u8a08\u756b\u5167)"": ""\u9053\u8def\u7528\u5730"", ""\u7591\u4f3c\u5360\u7528"": ""\u662F"", ""\u6e05\u67e5\u5e74\u5ea6"": 106, ""\u7591\u4f3c\u5360\u7528\u985e\u578b"": 1, ""\u9053\u8def\u7de8\u865f"": ""\u684351\u7dda"", ""\u6751\u91cc"": ""\u9f8d\u5c71\u91cc"", ""\u9053\u8def\u540d\u7a31"": ""\u9f8d\u58fd\u8857"", ""\u6848\u4ef6\u72c0\u614b"": NaN, ""\u5099\u8a3b"": NaN, ""\u9644\u4ef6"": NaN}"
0,2,38,桃園市,八德區,大忠街,RD,,149093,24.957882796097387,121.2124698374694,1,1,0,20,3,"{""OBJECTID"": 75641, ""\u52d8\u67e5\u8868\u7de8\u865f"": ""\u5e02\u6843\u57123812(\u9f8d\u9cf3\u6bb50922-0009)"", ""\u9109\u93ae\u5e02\u5340"": ""\u6843\u5712\u5340"", ""\u5730\u6bb5-\u540d"": ""\u9f8d\u9cf3\u6bb5"", ""\u5730\u865f"": ""0922-0009"", ""\u6574\u7b46\u571f\u5730\u9762\u7a4d(\u33a1)"": 5.56, ""\u5e02(\u570b)\u6709\u6301\u5206"": ""375/1000"", ""\u4f7f\u7528\u5206\u5340(\u90fd\u5e02\u8a08\u756b\u5167)"": ""\u9053\u8def\u7528\u5730"", ""\u7591\u4f3c\u5360\u7528"": ""\u662F"", ""\u6e05\u67e5\u5e74\u5ea6"": 106, ""\u7591\u4f3c\u5360\u7528\u985e\u578b"": 1, ""\u9053\u8def\u7de8\u865f"": NaN, ""\u6751\u91cc"": ""\u9f8d\u7965\u91cc"", ""\u9053\u8def\u540d\u7a31"": ""\u7121\u540d\u8def"", ""\u6848\u4ef6\u72c0\u614b"": NaN, ""\u5099\u8a3b"": NaN, ""\u9644\u4ef6"": NaN}"
0,2,38,桃園市,八德區,大忠街,RD,,149094,24.95529904940365,121.20934837821576,1,1,0,20,3,"{""OBJECTID"": 75692, ""\u52d8\u67e5\u8868\u7de8\u865f"": ""\u5e02\u6843\u57123913(\u9f8d\u7965\u6bb50941-0002)"", ""\u9109\u93ae\u5e02\u5340"": ""\u6843\u5712\u5340"", ""\u5730\u6bb5-\u540d"": ""\u9f8d\u7965\u6bb5"", ""\u5730\u865f"": ""0941-0002"", ""\u6574\u7b46\u571f\u5730\u9762\u7a4d(\u33a1)"": 7.07, ""\u5e02(\u570b)\u6709\u6301\u5206"": ""1\u67081\u65e5"", ""\u4f7f\u7528\u5206\u5340(\u90fd\u5e02\u8a08\u756b\u5167)"": ""\u4eba\u884c\u6b65\u9053\u7528\u5730"", ""\u7591\u4f3c\u5360\u7528"": ""\u662F"", ""\u6e05\u67e5\u5e74\u5ea6"": 106, ""\u7591\u4f3c\u5360\u7528\u985e\u578b"": 1, ""\u9053\u8def\u7de8\u865f"": NaN, ""\u6751\u91cc"": ""\u9f8d\u58fd\u91cc"", ""\u9053\u8def\u540d\u7a31"": ""\u4e2d\u5c71\u8def1332\u5df7"", ""\u6848\u4ef6\u72c0\u614b"": NaN, ""\u5099\u8a3b"": NaN, ""\u9644\u4ef6"": NaN}"
0,2,38,桃園市,八德區,大忠街,RD,,149095,24.94856034215753,121.22050480917454,1,1,0,20,3,"{""OBJECTID"": 107660, ""\u52d8\u67e5\u8868\u7de8\u865f"": ""\u5e02\u516b\u5fb72(\u9ad8\u660e\u6bb50136-0012)"", ""\u9109\u93ae\u5e02\u5340"": ""\u516b\u5fb7\u5340"", ""\u5730\u6bb5-\u540d"": ""\u9ad8\u660e\u6bb5"", ""\u5730\u865f"": ""0136-0012"", ""\u6574\u7b46\u571f\u5730\u9762\u7a4d(\u33a1)"": 3.56, ""\u5e02(\u570b)\u6709\u6301\u5206"": ""1\u67081\u65e5"", ""\u4f7f\u7528\u5206\u5340(\u90fd\u5e02\u8a08\u756b\u5167)"": ""\u9053\u8def\u7528\u5730"", ""\u7591\u4f3c\u5360\u7528"": ""\u662F"", ""\u6e05\u67e5\u5e74\u5ea6"": 112, ""\u7591\u4f3c\u5360\u7528\u985e\u578b"": 1, ""\u9053\u8def\u7de8\u865f"": "" "", ""\u6751\u91cc"": ""\u9ad8\u57ce\u91cc"", ""\u9053\u8def\u540d\u7a31"": ""\u9ad8\u57ce\u516d\u8857"", ""\u6848\u4ef6\u72c0\u614b"": NaN, ""\u5099\u8a3b"": NaN, ""\u9644\u4ef6"": NaN}"
0,2,38,桃園市,八德區,大忠街,RD,,149096,24.945849796412404,121.21295262264832,1,1,0,20,3,"{""OBJECTID"": 107168, ""\u52d8\u67e5\u8868\u7de8\u865f"": ""\u570b\u6843\u57124181(\u9f8d\u7965\u6bb50090-0000)"", ""\u9109\u93ae\u5e02\u5340"": ""\u6843\u5712\u5340"", ""\u5730\u6bb5-\u540d"": ""\u9f8d\u7965\u6bb5"", ""\u5730\u865f"": ""0090-0000"", ""\u6574\u7b46\u571f\u5730\u9762\u7a4d(\u33a1)"": 12.36, ""\u5e02(\u570b)\u6709\u6301\u5206"": ""1\u67081\u65e5"", ""\u4f7f\u7528\u5206\u5340(\u90fd\u5e02\u8a08\u756b\u5167)"": ""\u9053\u8def\u7528\u5730"", ""\u7591\u4f3c\u5360\u7528"": ""\u662F"", ""\u6e05\u67e5\u5e74\u5ea6"": 110, ""\u7591\u4f3c\u5360\u7528\u985e\u578b"": 1, ""\u9053\u8def\u7de8\u865f"": "" "", ""\u6751\u91cc"": ""\u9f8d\u58fd\u91cc"", ""\u9053\u8def\u540d\u7a31"": ""\u9f8d\u6cc9\u516d\u8857"", ""\u6848\u4ef6\u72c0\u614b"": NaN, ""\u5099\u8a3b"": NaN, ""\u9644\u4ef6"": NaN}"
0,2,38,桃園市,八德區,大忠街,RD,,149097,24.944784409806207,121.22709140340154,1,1,0,20,3,"{""OBJECTID"": 105888, ""\u52d8\u67e5\u8868\u7de8\u865f"": ""\u5e02\u6843\u57124175(\u9f8d\u7965\u6bb50037-0006)"", ""\u9109\u93ae\u5e02\u5340"": ""\u6843\u5712\u5340"", ""\u5730\u6bb5-\u540d"": ""\u9f8d\u7965\u6bb5"", ""\u5730\u865f"": ""0037-0006"", ""\u6574\u7b46\u571f\u5730\u9762\u7a4d(\u33a1)"": 308.62, ""\u5e02(\u570b)\u6709\u6301\u5206"": ""49/50"", ""\u4f7f\u7528\u5206\u5340(\u90fd\u5e02\u8a08\u756b\u5167)"": ""\u9053\u8def\u7528\u5730"", ""\u7591\u4f3c\u5360\u7528"": ""\u662F"", ""\u6e05\u67e5\u5e74\u5ea6"": 110, ""\u7591\u4f3c\u5360\u7528\u985e\u578b"": 1, ""\u9053\u8def\u7de8\u865f"": NaN, ""\u6751\u91cc"": ""\u9f8d\u7965\u91cc"", ""\u9053\u8def\u540d\u7a31"": ""\u88d5\u548c\u885717\u5df7"", ""\u6848\u4ef6\u72c0\u614b"": NaN, ""\u5099\u8a3b"": NaN, ""\u9644\u4ef6"": NaN}"
